Head-account,Head-Account Description,Sub-account,Sub-account Description,Year,Reporting Type,Amount,Revenue/Expenditure,Recurrent/Investment,Council Name,Expense Type
110.xxx,Uncategorized,110.101,Reserves for overheads,2008,Budget, 2000000 ,REVENUE,RECURRENT,TIGNERE COUNCIL,
110.xxx,Uncategorized,110.101,Reserves for overheads,2008,Actual,0,REVENUE,RECURRENT,TIGNERE COUNCIL,
110.xxx,Uncategorized,110.101,Reserves for overheads,2009,Budget,0,REVENUE,RECURRENT,TIGNERE COUNCIL,
110.xxx,Uncategorized,110.101,Reserves for overheads,2009,Actual, 175000 ,REVENUE,RECURRENT,TIGNERE COUNCIL,
710.xxx,Fiscal revenue (1),710.100,Rroceeds from global taxes,2008,Budget, 6847200 ,REVENUE,RECURRENT,TIGNERE COUNCIL,
710.xxx,Fiscal revenue (1),710.100,Rroceeds from global taxes,2008,Actual, 3127600 ,REVENUE,RECURRENT,TIGNERE COUNCIL,
710.xxx,Fiscal revenue (1),710.100,Rroceeds from global taxes,2009,Budget, 6847200 ,REVENUE,RECURRENT,TIGNERE COUNCIL,
710.xxx,Fiscal revenue (1),710.100,Rroceeds from global taxes,2009,Actual, 6293198 ,REVENUE,RECURRENT,TIGNERE COUNCIL,
710.xxx,Fiscal revenue (1),710.101,Proceeds from business,2008,Budget, 4166100 ,REVENUE,RECURRENT,TIGNERE COUNCIL,
710.xxx,Fiscal revenue (1),710.101,Proceeds from business,2008,Actual, 1528655 ,REVENUE,RECURRENT,TIGNERE COUNCIL,
710.xxx,Fiscal revenue (1),710.101,Proceeds from business,2009,Budget, 4166100 ,REVENUE,RECURRENT,TIGNERE COUNCIL,
710.xxx,Fiscal revenue (1),710.101,Proceeds from business,2009,Actual, 4733829 ,REVENUE,RECURRENT,TIGNERE COUNCIL,
710.xxx,Fiscal revenue (1),710.102,Liquor license,2008,Budget, 60750 ,REVENUE,RECURRENT,TIGNERE COUNCIL,
710.xxx,Fiscal revenue (1),710.102,Liquor license,2008,Actual,0,REVENUE,RECURRENT,TIGNERE COUNCIL,
710.xxx,Fiscal revenue (1),710.102,Liquor license,2009,Budget, 60750 ,REVENUE,RECURRENT,TIGNERE COUNCIL,
710.xxx,Fiscal revenue (1),710.102,Liquor license,2009,Actual, 20500 ,REVENUE,RECURRENT,TIGNERE COUNCIL,
710.xxx,Fiscal revenue (1),710.103,Cattle taxes,2008,Budget, 3118600 ,REVENUE,RECURRENT,TIGNERE COUNCIL,
710.xxx,Fiscal revenue (1),710.103,Cattle taxes,2008,Actual, 1028100 ,REVENUE,RECURRENT,TIGNERE COUNCIL,
710.xxx,Fiscal revenue (1),710.103,Cattle taxes,2009,Budget, 5118600 ,REVENUE,RECURRENT,TIGNERE COUNCIL,
710.xxx,Fiscal revenue (1),710.103,Cattle taxes,2009,Actual, 1232690 ,REVENUE,RECURRENT,TIGNERE COUNCIL,
710.xxx,Fiscal revenue (1),710.107,Sanitary taxes,2008,Budget, 9647875 ,REVENUE,RECURRENT,TIGNERE COUNCIL,
710.xxx,Fiscal revenue (1),710.107,Sanitary taxes,2008,Actual, 5006000 ,REVENUE,RECURRENT,TIGNERE COUNCIL,
710.xxx,Fiscal revenue (1),710.107,Sanitary taxes,2009,Budget, 11647875 ,REVENUE,RECURRENT,TIGNERE COUNCIL,
710.xxx,Fiscal revenue (1),710.107,Sanitary taxes,2009,Actual, 6391200 ,REVENUE,RECURRENT,TIGNERE COUNCIL,
710.xxx,Fiscal revenue (1),710.109,Land taxes,2008,Budget, 100000 ,REVENUE,RECURRENT,TIGNERE COUNCIL,
710.xxx,Fiscal revenue (1),710.109,Land taxes,2008,Actual,0,REVENUE,RECURRENT,TIGNERE COUNCIL,
710.xxx,Fiscal revenue (1),710.109,Land taxes,2009,Budget, 100000 ,REVENUE,RECURRENT,TIGNERE COUNCIL,
710.xxx,Fiscal revenue (1),710.109,Land taxes,2009,Actual,0,REVENUE,RECURRENT,TIGNERE COUNCIL,
710.xxx,Fiscal revenue (1),710.110,Other fiscal revenues,2008,Budget, 2000000 ,REVENUE,RECURRENT,TIGNERE COUNCIL,
710.xxx,Fiscal revenue (1),710.110,Other fiscal revenues,2008,Actual, 513514 ,REVENUE,RECURRENT,TIGNERE COUNCIL,
710.xxx,Fiscal revenue (1),710.110,Other fiscal revenues,2009,Budget, 1500000 ,REVENUE,RECURRENT,TIGNERE COUNCIL,
710.xxx,Fiscal revenue (1),710.110,Other fiscal revenues,2009,Actual, 160390 ,REVENUE,RECURRENT,TIGNERE COUNCIL,
711.xxx,Council additional taxes for levies,711.100,Council additional taxes for levies,2008,Budget, 40000000 ,REVENUE,RECURRENT,TIGNERE COUNCIL,
711.xxx,Council additional taxes for levies,711.100,Council additional taxes for levies,2008,Actual, 24737422 ,REVENUE,RECURRENT,TIGNERE COUNCIL,
711.xxx,Council additional taxes for levies,711.100,Council additional taxes for levies,2009,Budget, 35000000 ,REVENUE,RECURRENT,TIGNERE COUNCIL,
711.xxx,Council additional taxes for levies,711.100,Council additional taxes for levies,2009,Actual, 27341392 ,REVENUE,RECURRENT,TIGNERE COUNCIL,
713.xxx,Indirect council taxes (3),713.100,Slaughter taxes,2008,Budget, 1000000 ,REVENUE,RECURRENT,TIGNERE COUNCIL,
713.xxx,Indirect council taxes (3),713.100,Slaughter taxes,2008,Actual, 233000 ,REVENUE,RECURRENT,TIGNERE COUNCIL,
713.xxx,Indirect council taxes (3),713.100,Slaughter taxes,2009,Budget, 1000000 ,REVENUE,RECURRENT,TIGNERE COUNCIL,
713.xxx,Indirect council taxes (3),713.100,Slaughter taxes,2009,Actual, 351000 ,REVENUE,RECURRENT,TIGNERE COUNCIL,
713.xxx,Indirect council taxes (3),713.101,Sanitation inspection taxes,2008,Budget,0,REVENUE,RECURRENT,TIGNERE COUNCIL,
713.xxx,Indirect council taxes (3),713.101,Sanitation inspection taxes,2008,Actual,0,REVENUE,RECURRENT,TIGNERE COUNCIL,
713.xxx,Indirect council taxes (3),713.101,Sanitation inspection taxes,2009,Budget,0,REVENUE,RECURRENT,TIGNERE COUNCIL,
713.xxx,Indirect council taxes (3),713.101,Sanitation inspection taxes,2009,Actual,0,REVENUE,RECURRENT,TIGNERE COUNCIL,
713.xxx,Indirect council taxes (3),713.102,Pond fees,2008,Budget, 100000 ,REVENUE,RECURRENT,TIGNERE COUNCIL,
713.xxx,Indirect council taxes (3),713.102,Pond fees,2008,Actual, 301000 ,REVENUE,RECURRENT,TIGNERE COUNCIL,
713.xxx,Indirect council taxes (3),713.102,Pond fees,2009,Budget, 200000 ,REVENUE,RECURRENT,TIGNERE COUNCIL,
713.xxx,Indirect council taxes (3),713.102,Pond fees,2009,Actual, 1427000 ,REVENUE,RECURRENT,TIGNERE COUNCIL,
713.xxx,Indirect council taxes (3),713.103,Market tolls,2008,Budget, 4000000 ,REVENUE,RECURRENT,TIGNERE COUNCIL,
713.xxx,Indirect council taxes (3),713.103,Market tolls,2008,Actual, 2700550 ,REVENUE,RECURRENT,TIGNERE COUNCIL,
713.xxx,Indirect council taxes (3),713.103,Market tolls,2009,Budget, 5155000 ,REVENUE,RECURRENT,TIGNERE COUNCIL,
713.xxx,Indirect council taxes (3),713.103,Market tolls,2009,Actual, 3054150 ,REVENUE,RECURRENT,TIGNERE COUNCIL,
713.xxx,Indirect council taxes (3),713.104,Building permit fees,2008,Budget, 250000 ,REVENUE,RECURRENT,TIGNERE COUNCIL,
713.xxx,Indirect council taxes (3),713.104,Building permit fees,2008,Actual, 30760 ,REVENUE,RECURRENT,TIGNERE COUNCIL,
713.xxx,Indirect council taxes (3),713.104,Building permit fees,2009,Budget, 200000 ,REVENUE,RECURRENT,TIGNERE COUNCIL,
713.xxx,Indirect council taxes (3),713.104,Building permit fees,2009,Actual, 219034 ,REVENUE,RECURRENT,TIGNERE COUNCIL,
713.xxx,Indirect council taxes (3),713.105,Fees for temporary occupation of highway,2008,Budget, 200000 ,REVENUE,RECURRENT,TIGNERE COUNCIL,
713.xxx,Indirect council taxes (3),713.105,Fees for temporary occupation of highway,2008,Actual,0,REVENUE,RECURRENT,TIGNERE COUNCIL,
713.xxx,Indirect council taxes (3),713.105,Fees for temporary occupation of highway,2009,Budget,0,REVENUE,RECURRENT,TIGNERE COUNCIL,
713.xxx,Indirect council taxes (3),713.105,Fees for temporary occupation of highway,2009,Actual,0,REVENUE,RECURRENT,TIGNERE COUNCIL,
713.xxx,Indirect council taxes (3),713.106,Fees for temporary occupation of parking,2008,Budget, 200000 ,REVENUE,RECURRENT,TIGNERE COUNCIL,
713.xxx,Indirect council taxes (3),713.106,Fees for temporary occupation of parking,2008,Actual,0,REVENUE,RECURRENT,TIGNERE COUNCIL,
713.xxx,Indirect council taxes (3),713.106,Fees for temporary occupation of parking,2009,Budget,0,REVENUE,RECURRENT,TIGNERE COUNCIL,
713.xxx,Indirect council taxes (3),713.106,Fees for temporary occupation of parking,2009,Actual,0,REVENUE,RECURRENT,TIGNERE COUNCIL,
713.xxx,Indirect council taxes (3),713.107,Parking taxes,2008,Budget, 200000 ,REVENUE,RECURRENT,TIGNERE COUNCIL,
713.xxx,Indirect council taxes (3),713.107,Parking taxes,2008,Actual, 59000 ,REVENUE,RECURRENT,TIGNERE COUNCIL,
713.xxx,Indirect council taxes (3),713.107,Parking taxes,2009,Budget, 200000 ,REVENUE,RECURRENT,TIGNERE COUNCIL,
713.xxx,Indirect council taxes (3),713.107,Parking taxes,2009,Actual, 109000 ,REVENUE,RECURRENT,TIGNERE COUNCIL,
713.xxx,Indirect council taxes (3),713.108,Entertainment taxes,2008,Budget, 20000 ,REVENUE,RECURRENT,TIGNERE COUNCIL,
713.xxx,Indirect council taxes (3),713.108,Entertainment taxes,2008,Actual, 5000 ,REVENUE,RECURRENT,TIGNERE COUNCIL,
713.xxx,Indirect council taxes (3),713.108,Entertainment taxes,2009,Budget, 100000 ,REVENUE,RECURRENT,TIGNERE COUNCIL,
713.xxx,Indirect council taxes (3),713.108,Entertainment taxes,2009,Actual,0,REVENUE,RECURRENT,TIGNERE COUNCIL,
713.xxx,Indirect council taxes (3),713.110,Advertising taxes,2008,Budget, 850000 ,REVENUE,RECURRENT,TIGNERE COUNCIL,
713.xxx,Indirect council taxes (3),713.110,Advertising taxes,2008,Actual, 7000 ,REVENUE,RECURRENT,TIGNERE COUNCIL,
713.xxx,Indirect council taxes (3),713.110,Advertising taxes,2009,Budget, 150000 ,REVENUE,RECURRENT,TIGNERE COUNCIL,
713.xxx,Indirect council taxes (3),713.110,Advertising taxes,2009,Actual, 200000 ,REVENUE,RECURRENT,TIGNERE COUNCIL,
713.xxx,Indirect council taxes (3),713.112,Stamp duties,2008,Budget, 600000 ,REVENUE,RECURRENT,TIGNERE COUNCIL,
713.xxx,Indirect council taxes (3),713.112,Stamp duties,2008,Actual, 320000 ,REVENUE,RECURRENT,TIGNERE COUNCIL,
713.xxx,Indirect council taxes (3),713.112,Stamp duties,2009,Budget, 600000 ,REVENUE,RECURRENT,TIGNERE COUNCIL,
713.xxx,Indirect council taxes (3),713.112,Stamp duties,2009,Actual, 669000 ,REVENUE,RECURRENT,TIGNERE COUNCIL,
713.xxx,Indirect council taxes (3),713.113,Highway waste taxes,2008,Budget, 50000 ,REVENUE,RECURRENT,TIGNERE COUNCIL,
713.xxx,Indirect council taxes (3),713.113,Highway waste taxes,2008,Actual, 10000 ,REVENUE,RECURRENT,TIGNERE COUNCIL,
713.xxx,Indirect council taxes (3),713.113,Highway waste taxes,2009,Budget, 40000 ,REVENUE,RECURRENT,TIGNERE COUNCIL,
713.xxx,Indirect council taxes (3),713.113,Highway waste taxes,2009,Actual, 31000 ,REVENUE,RECURRENT,TIGNERE COUNCIL,
713.xxx,Indirect council taxes (3),713.114,Tax on seasonal livestock movement,2008,Budget,0,REVENUE,RECURRENT,TIGNERE COUNCIL,
713.xxx,Indirect council taxes (3),713.114,Tax on seasonal livestock movement,2008,Actual,0,REVENUE,RECURRENT,TIGNERE COUNCIL,
713.xxx,Indirect council taxes (3),713.114,Tax on seasonal livestock movement,2009,Budget, 1000000 ,REVENUE,RECURRENT,TIGNERE COUNCIL,
713.xxx,Indirect council taxes (3),713.114,Tax on seasonal livestock movement,2009,Actual, 185000 ,REVENUE,RECURRENT,TIGNERE COUNCIL,
713.xxx,Indirect council taxes (3),713.117,Proceeds from taxes on mineral exploitation,2008,Budget, 837328 ,REVENUE,RECURRENT,TIGNERE COUNCIL,
713.xxx,Indirect council taxes (3),713.117,Proceeds from taxes on mineral exploitation,2008,Actual,0,REVENUE,RECURRENT,TIGNERE COUNCIL,
713.xxx,Indirect council taxes (3),713.117,Proceeds from taxes on mineral exploitation,2009,Budget,0,REVENUE,RECURRENT,TIGNERE COUNCIL,
713.xxx,Indirect council taxes (3),713.117,Proceeds from taxes on mineral exploitation,2009,Actual,0,REVENUE,RECURRENT,TIGNERE COUNCIL,
713.xxx,Indirect council taxes (3),713.118    (only 2009),"Proceeds from taxes on on mineral exploitation, fishery ressources etc.",2008,Budget,0,REVENUE,RECURRENT,TIGNERE COUNCIL,
713.xxx,Indirect council taxes (3),713.118    (only 2009),"Proceeds from taxes on on mineral exploitation, fishery ressources etc.",2008,Actual,0,REVENUE,RECURRENT,TIGNERE COUNCIL,
713.xxx,Indirect council taxes (3),713.118    (only 2009),"Proceeds from taxes on on mineral exploitation, fishery ressources etc.",2009,Budget, 150000 ,REVENUE,RECURRENT,TIGNERE COUNCIL,
713.xxx,Indirect council taxes (3),713.118    (only 2009),"Proceeds from taxes on on mineral exploitation, fishery ressources etc.",2009,Actual,0,REVENUE,RECURRENT,TIGNERE COUNCIL,
713.xxx,Indirect council taxes (3),713.118 (only 2008),Other indirect council taxes,2008,Budget, 1803147 ,REVENUE,RECURRENT,TIGNERE COUNCIL,
713.xxx,Indirect council taxes (3),713.118 (only 2008),Other indirect council taxes,2008,Actual, 26238 ,REVENUE,RECURRENT,TIGNERE COUNCIL,
713.xxx,Indirect council taxes (3),713.118 (only 2008),Other indirect council taxes,2009,Budget,0,REVENUE,RECURRENT,TIGNERE COUNCIL,
713.xxx,Indirect council taxes (3),713.118 (only 2008),Other indirect council taxes,2009,Actual,0,REVENUE,RECURRENT,TIGNERE COUNCIL,
713.xxx,Indirect council taxes (3),713.119 (only 2009),Other indirect council taxes,2008,Budget,0,REVENUE,RECURRENT,TIGNERE COUNCIL,
713.xxx,Indirect council taxes (3),713.119 (only 2009),Other indirect council taxes,2008,Actual,0,REVENUE,RECURRENT,TIGNERE COUNCIL,
713.xxx,Indirect council taxes (3),713.119 (only 2009),Other indirect council taxes,2009,Budget, 1000000 ,REVENUE,RECURRENT,TIGNERE COUNCIL,
713.xxx,Indirect council taxes (3),713.119 (only 2009),Other indirect council taxes,2009,Actual,0,REVENUE,RECURRENT,TIGNERE COUNCIL,
7.20.xxx,Proceeds from exploitation of council properties and services (4),720.000,Rents and hires of council properties,2008,Budget, 5800000 ,REVENUE,RECURRENT,TIGNERE COUNCIL,
7.20.xxx,Proceeds from exploitation of council properties and services (4),720.000,Rents and hires of council properties,2008,Actual, 4495937 ,REVENUE,RECURRENT,TIGNERE COUNCIL,
7.20.xxx,Proceeds from exploitation of council properties and services (4),720.000,Rents and hires of council properties,2009,Budget, 6000000 ,REVENUE,RECURRENT,TIGNERE COUNCIL,
7.20.xxx,Proceeds from exploitation of council properties and services (4),720.000,Rents and hires of council properties,2009,Actual, 2120000 ,REVENUE,RECURRENT,TIGNERE COUNCIL,
7.20.xxx,Proceeds from exploitation of council properties and services (4),720.103,Rents of movable properties,2008,Budget, 3000000 ,REVENUE,RECURRENT,TIGNERE COUNCIL,
7.20.xxx,Proceeds from exploitation of council properties and services (4),720.103,Rents of movable properties,2008,Actual,0,REVENUE,RECURRENT,TIGNERE COUNCIL,
7.20.xxx,Proceeds from exploitation of council properties and services (4),720.103,Rents of movable properties,2009,Budget, 2000000 ,REVENUE,RECURRENT,TIGNERE COUNCIL,
7.20.xxx,Proceeds from exploitation of council properties and services (4),720.103,Rents of movable properties,2009,Actual,0,REVENUE,RECURRENT,TIGNERE COUNCIL,
7.20.xxx,Proceeds from exploitation of council properties and services (4),720.107,"Transfer of sand, stones, pozzolana (volcanic ash for cement) and other quarry products",2008,Budget, 1000000 ,REVENUE,RECURRENT,TIGNERE COUNCIL,
7.20.xxx,Proceeds from exploitation of council properties and services (4),720.107,"Transfer of sand, stones, pozzolana (volcanic ash for cement) and other quarry products",2008,Actual, 6000 ,REVENUE,RECURRENT,TIGNERE COUNCIL,
7.20.xxx,Proceeds from exploitation of council properties and services (4),720.107,"Transfer of sand, stones, pozzolana (volcanic ash for cement) and other quarry products",2009,Budget, 1000000 ,REVENUE,RECURRENT,TIGNERE COUNCIL,
7.20.xxx,Proceeds from exploitation of council properties and services (4),720.107,"Transfer of sand, stones, pozzolana (volcanic ash for cement) and other quarry products",2009,Actual, 266500 ,REVENUE,RECURRENT,TIGNERE COUNCIL,
7.20.xxx,Proceeds from exploitation of council properties and services (4),720.113,Quay fees,2008,Budget, 450000 ,REVENUE,RECURRENT,TIGNERE COUNCIL,
7.20.xxx,Proceeds from exploitation of council properties and services (4),720.113,Quay fees,2008,Actual, 188250 ,REVENUE,RECURRENT,TIGNERE COUNCIL,
7.20.xxx,Proceeds from exploitation of council properties and services (4),720.113,Quay fees,2009,Budget, 450000 ,REVENUE,RECURRENT,TIGNERE COUNCIL,
7.20.xxx,Proceeds from exploitation of council properties and services (4),720.113,Quay fees,2009,Actual, 192500 ,REVENUE,RECURRENT,TIGNERE COUNCIL,
7.20.xxx,Proceeds from exploitation of council properties and services (4),720.119,Proceeds from services rendered,2008,Budget, 300000 ,REVENUE,RECURRENT,TIGNERE COUNCIL,
7.20.xxx,Proceeds from exploitation of council properties and services (4),720.119,Proceeds from services rendered,2008,Actual,0,REVENUE,RECURRENT,TIGNERE COUNCIL,
7.20.xxx,Proceeds from exploitation of council properties and services (4),720.119,Proceeds from services rendered,2009,Budget,0,REVENUE,RECURRENT,TIGNERE COUNCIL,
7.20.xxx,Proceeds from exploitation of council properties and services (4),720.119,Proceeds from services rendered,2009,Actual,0,REVENUE,RECURRENT,TIGNERE COUNCIL,
7.20.xxx,Proceeds from exploitation of council properties and services (4),720.121,Unforeseen income,2008,Budget, 3350000 ,REVENUE,RECURRENT,TIGNERE COUNCIL,
7.20.xxx,Proceeds from exploitation of council properties and services (4),720.121,Unforeseen income,2008,Actual, 155000 ,REVENUE,RECURRENT,TIGNERE COUNCIL,
7.20.xxx,Proceeds from exploitation of council properties and services (4),720.121,Unforeseen income,2009,Budget, 600000 ,REVENUE,RECURRENT,TIGNERE COUNCIL,
7.20.xxx,Proceeds from exploitation of council properties and services (4),720.121,Unforeseen income,2009,Actual, 245000 ,REVENUE,RECURRENT,TIGNERE COUNCIL,
730.xxx,Rebates and loyalties granted by the state (5),730.101,Rebates on sale of state lands,2008,Budget, 500000 ,REVENUE,RECURRENT,TIGNERE COUNCIL,
730.xxx,Rebates and loyalties granted by the state (5),730.101,Rebates on sale of state lands,2008,Actual, 6500 ,REVENUE,RECURRENT,TIGNERE COUNCIL,
730.xxx,Rebates and loyalties granted by the state (5),730.101,Rebates on sale of state lands,2009,Budget, 50000 ,REVENUE,RECURRENT,TIGNERE COUNCIL,
730.xxx,Rebates and loyalties granted by the state (5),730.101,Rebates on sale of state lands,2009,Actual, 42000 ,REVENUE,RECURRENT,TIGNERE COUNCIL,
100.xxx,Endowments (11),100.130,Gifts and legacies received for investment ,2008,Budget, 2000000 ,REVENUE,INVESTMENT,TIGNERE COUNCIL,
100.xxx,Endowments (11),100.130,Gifts and legacies received for investment ,2008,Actual,0,REVENUE,INVESTMENT,TIGNERE COUNCIL,
100.xxx,Endowments (11),100.130,Gifts and legacies received for investment ,2009,Budget, 1500000 ,REVENUE,INVESTMENT,TIGNERE COUNCIL,
100.xxx,Endowments (11),100.130,Gifts and legacies received for investment ,2009,Actual,0,REVENUE,INVESTMENT,TIGNERE COUNCIL,
110.xxx,Reserves ,110.000,Reserves for investment,2008,Budget, 4000000 ,REVENUE,INVESTMENT,TIGNERE COUNCIL,
110.xxx,Reserves ,110.000,Reserves for investment,2008,Actual,0,REVENUE,INVESTMENT,TIGNERE COUNCIL,
110.xxx,Reserves ,110.000,Reserves for investment,2009,Budget,0,REVENUE,INVESTMENT,TIGNERE COUNCIL,
110.xxx,Reserves ,110.000,Reserves for investment,2009,Actual,0,REVENUE,INVESTMENT,TIGNERE COUNCIL,
110.xxx,Reserves ,110.102,Unallocated reserves entered in assets as quasi-money,2008,Budget, 2300000 ,REVENUE,INVESTMENT,TIGNERE COUNCIL,
110.xxx,Reserves ,110.102,Unallocated reserves entered in assets as quasi-money,2008,Actual,0,REVENUE,INVESTMENT,TIGNERE COUNCIL,
110.xxx,Reserves ,110.102,Unallocated reserves entered in assets as quasi-money,2009,Budget,0,REVENUE,INVESTMENT,TIGNERE COUNCIL,
110.xxx,Reserves ,110.102,Unallocated reserves entered in assets as quasi-money,2009,Actual,0,REVENUE,INVESTMENT,TIGNERE COUNCIL,
110.xxx,Reserves ,84.100,Transfers from fixed assets account,2008,Budget,0,REVENUE,INVESTMENT,TIGNERE COUNCIL,
110.xxx,Reserves ,84.100,Transfers from fixed assets account,2008,Actual,0,REVENUE,INVESTMENT,TIGNERE COUNCIL,
110.xxx,Reserves ,84.100,Transfers from fixed assets account,2009,Budget,0,REVENUE,INVESTMENT,TIGNERE COUNCIL,
110.xxx,Reserves ,84.100,Transfers from fixed assets account,2009,Actual,0,REVENUE,INVESTMENT,TIGNERE COUNCIL,
140.xxx,Equipment grants received (12),140.120,Equipment grants from FEICOM,2008,Budget, 2000000 ,REVENUE,INVESTMENT,TIGNERE COUNCIL,
140.xxx,Equipment grants received (12),140.120,Equipment grants from FEICOM,2008,Actual,0,REVENUE,INVESTMENT,TIGNERE COUNCIL,
140.xxx,Equipment grants received (12),140.120,Equipment grants from FEICOM,2009,Budget, 20164000 ,REVENUE,INVESTMENT,TIGNERE COUNCIL,
140.xxx,Equipment grants received (12),140.120,Equipment grants from FEICOM,2009,Actual,0,REVENUE,INVESTMENT,TIGNERE COUNCIL,
140.xxx,Equipment grants received (12),140.130,Equipment grants from urban council,2008,Budget, 5000000 ,REVENUE,INVESTMENT,TIGNERE COUNCIL,
140.xxx,Equipment grants received (12),140.130,Equipment grants from urban council,2008,Actual,0,REVENUE,INVESTMENT,TIGNERE COUNCIL,
140.xxx,Equipment grants received (12),140.130,Equipment grants from urban council,2009,Budget, 14000475 ,REVENUE,INVESTMENT,TIGNERE COUNCIL,
140.xxx,Equipment grants received (12),140.130,Equipment grants from urban council,2009,Actual,0,REVENUE,INVESTMENT,TIGNERE COUNCIL,
140.xxx,Equipment grants received (12),140.140,Other equipment grants received,2008,Budget,0,REVENUE,INVESTMENT,TIGNERE COUNCIL,
140.xxx,Equipment grants received (12),140.140,Other equipment grants received,2008,Actual,0,REVENUE,INVESTMENT,TIGNERE COUNCIL,
140.xxx,Equipment grants received (12),140.140,Other equipment grants received,2009,Budget,0,REVENUE,INVESTMENT,TIGNERE COUNCIL,
140.xxx,Equipment grants received (12),140.140,Other equipment grants received,2009,Actual,0,REVENUE,INVESTMENT,TIGNERE COUNCIL,
150.xxx,Long and mid-term loans (13),150.1,Long and mid-term loans repayable in national currency,2008,Budget, 2249000 ,REVENUE,INVESTMENT,TIGNERE COUNCIL,
150.xxx,Long and mid-term loans (13),150.1,Long and mid-term loans repayable in national currency,2008,Actual,0,REVENUE,INVESTMENT,TIGNERE COUNCIL,
150.xxx,Long and mid-term loans (13),150.1,Long and mid-term loans repayable in national currency,2009,Budget,0,REVENUE,INVESTMENT,TIGNERE COUNCIL,
150.xxx,Long and mid-term loans (13),150.1,Long and mid-term loans repayable in national currency,2009,Actual,0,REVENUE,INVESTMENT,TIGNERE COUNCIL,
610.xxx,Materials and supplies used (16),610.100,Stationery,2008,Budget, 2219058 ,EXPENDITURE,RECURRENT,TIGNERE COUNCIL,
610.xxx,Materials and supplies used (16),610.100,Stationery,2008,Actual, 750000 ,EXPENDITURE,RECURRENT,TIGNERE COUNCIL,
610.xxx,Materials and supplies used (16),610.100,Stationery,2009,Budget,989001,EXPENDITURE,RECURRENT,TIGNERE COUNCIL,
610.xxx,Materials and supplies used (16),610.100,Stationery,2009,Actual,989001,EXPENDITURE,RECURRENT,TIGNERE COUNCIL,
610.xxx,Materials and supplies used (16),610.101,Subscription to various publications,2008,Budget, 500000 ,EXPENDITURE,RECURRENT,TIGNERE COUNCIL,
610.xxx,Materials and supplies used (16),610.101,Subscription to various publications,2008,Actual, 500000 ,EXPENDITURE,RECURRENT,TIGNERE COUNCIL,
610.xxx,Materials and supplies used (16),610.101,Subscription to various publications,2009,Budget,300000,EXPENDITURE,RECURRENT,TIGNERE COUNCIL,
610.xxx,Materials and supplies used (16),610.101,Subscription to various publications,2009,Actual,300000,EXPENDITURE,RECURRENT,TIGNERE COUNCIL,
610.xxx,Materials and supplies used (16),610.102,Printing costs of tickets,2008,Budget, 1200000 ,EXPENDITURE,RECURRENT,TIGNERE COUNCIL,
610.xxx,Materials and supplies used (16),610.102,Printing costs of tickets,2008,Actual,0,EXPENDITURE,RECURRENT,TIGNERE COUNCIL,
610.xxx,Materials and supplies used (16),610.102,Printing costs of tickets,2009,Budget,1000000,EXPENDITURE,RECURRENT,TIGNERE COUNCIL,
610.xxx,Materials and supplies used (16),610.102,Printing costs of tickets,2009,Actual,737625,EXPENDITURE,RECURRENT,TIGNERE COUNCIL,
610.xxx,Materials and supplies used (16),610.103,Printing costs of accounting registers and documents ,2008,Budget, 1200000 ,EXPENDITURE,RECURRENT,TIGNERE COUNCIL,
610.xxx,Materials and supplies used (16),610.103,Printing costs of accounting registers and documents ,2008,Actual, 500000 ,EXPENDITURE,RECURRENT,TIGNERE COUNCIL,
610.xxx,Materials and supplies used (16),610.103,Printing costs of accounting registers and documents ,2009,Budget,1000000,EXPENDITURE,RECURRENT,TIGNERE COUNCIL,
610.xxx,Materials and supplies used (16),610.103,Printing costs of accounting registers and documents ,2009,Actual,0,EXPENDITURE,RECURRENT,TIGNERE COUNCIL,
610.xxx,Materials and supplies used (16),610.104,"Civil status registry expenses (register, booklets, forms, etc.)",2008,Budget, 500000 ,EXPENDITURE,RECURRENT,TIGNERE COUNCIL,
610.xxx,Materials and supplies used (16),610.104,"Civil status registry expenses (register, booklets, forms, etc.)",2008,Actual, 120000 ,EXPENDITURE,RECURRENT,TIGNERE COUNCIL,
610.xxx,Materials and supplies used (16),610.104,"Civil status registry expenses (register, booklets, forms, etc.)",2009,Budget,500000,EXPENDITURE,RECURRENT,TIGNERE COUNCIL,
610.xxx,Materials and supplies used (16),610.104,"Civil status registry expenses (register, booklets, forms, etc.)",2009,Actual,494500,EXPENDITURE,RECURRENT,TIGNERE COUNCIL,
610.xxx,Materials and supplies used (16),610.105,Fuel and lubricants,2008,Budget, 7000000 ,EXPENDITURE,RECURRENT,TIGNERE COUNCIL,
610.xxx,Materials and supplies used (16),610.105,Fuel and lubricants,2008,Actual, 3498550 ,EXPENDITURE,RECURRENT,TIGNERE COUNCIL,
610.xxx,Materials and supplies used (16),610.105,Fuel and lubricants,2009,Budget,7000000,EXPENDITURE,RECURRENT,TIGNERE COUNCIL,
610.xxx,Materials and supplies used (16),610.105,Fuel and lubricants,2009,Actual,6960905,EXPENDITURE,RECURRENT,TIGNERE COUNCIL,
610.xxx,Materials and supplies used (16),610.106,Maintenance of water and electricity networks,2008,Budget, 2300000 ,EXPENDITURE,RECURRENT,TIGNERE COUNCIL,
610.xxx,Materials and supplies used (16),610.106,Maintenance of water and electricity networks,2008,Actual, 999100 ,EXPENDITURE,RECURRENT,TIGNERE COUNCIL,
610.xxx,Materials and supplies used (16),610.106,Maintenance of water and electricity networks,2009,Budget,2000000,EXPENDITURE,RECURRENT,TIGNERE COUNCIL,
610.xxx,Materials and supplies used (16),610.106,Maintenance of water and electricity networks,2009,Actual,1194303,EXPENDITURE,RECURRENT,TIGNERE COUNCIL,
610.xxx,Materials and supplies used (16),610.107,Maintenance of council roads,2008,Budget, 500000 ,EXPENDITURE,RECURRENT,TIGNERE COUNCIL,
610.xxx,Materials and supplies used (16),610.107,Maintenance of council roads,2008,Actual,0,EXPENDITURE,RECURRENT,TIGNERE COUNCIL,
610.xxx,Materials and supplies used (16),610.107,Maintenance of council roads,2009,Budget,500000,EXPENDITURE,RECURRENT,TIGNERE COUNCIL,
610.xxx,Materials and supplies used (16),610.107,Maintenance of council roads,2009,Actual,0,EXPENDITURE,RECURRENT,TIGNERE COUNCIL,
610.xxx,Materials and supplies used (16),610.108,Maintenance of council buildings,2008,Budget, 500000 ,EXPENDITURE,RECURRENT,TIGNERE COUNCIL,
610.xxx,Materials and supplies used (16),610.108,Maintenance of council buildings,2008,Actual,0,EXPENDITURE,RECURRENT,TIGNERE COUNCIL,
610.xxx,Materials and supplies used (16),610.108,Maintenance of council buildings,2009,Budget,500000,EXPENDITURE,RECURRENT,TIGNERE COUNCIL,
610.xxx,Materials and supplies used (16),610.108,Maintenance of council buildings,2009,Actual,494500,EXPENDITURE,RECURRENT,TIGNERE COUNCIL,
610.xxx,Materials and supplies used (16),610.109,Maintenance of municipal authority's residence,2008,Budget, 1976817 ,EXPENDITURE,RECURRENT,TIGNERE COUNCIL,
610.xxx,Materials and supplies used (16),610.109,Maintenance of municipal authority's residence,2008,Actual,0,EXPENDITURE,RECURRENT,TIGNERE COUNCIL,
610.xxx,Materials and supplies used (16),610.109,Maintenance of municipal authority's residence,2009,Budget,1976817,EXPENDITURE,RECURRENT,TIGNERE COUNCIL,
610.xxx,Materials and supplies used (16),610.109,Maintenance of municipal authority's residence,2009,Actual,0,EXPENDITURE,RECURRENT,TIGNERE COUNCIL,
610.xxx,Materials and supplies used (16),610.110,Puchase of equipments and supplies for use and maintenance of all council service,2008,Budget,0,EXPENDITURE,RECURRENT,TIGNERE COUNCIL,
610.xxx,Materials and supplies used (16),610.110,Puchase of equipments and supplies for use and maintenance of all council service,2008,Actual,0,EXPENDITURE,RECURRENT,TIGNERE COUNCIL,
610.xxx,Materials and supplies used (16),610.110,Puchase of equipments and supplies for use and maintenance of all council service,2009,Budget,0,EXPENDITURE,RECURRENT,TIGNERE COUNCIL,
610.xxx,Materials and supplies used (16),610.110,Puchase of equipments and supplies for use and maintenance of all council service,2009,Actual,0,EXPENDITURE,RECURRENT,TIGNERE COUNCIL,
610.xxx,Materials and supplies used (16),610.112,Water consumption in municipal authority's residence,2008,Budget,0,EXPENDITURE,RECURRENT,TIGNERE COUNCIL,
610.xxx,Materials and supplies used (16),610.112,Water consumption in municipal authority's residence,2008,Actual,0,EXPENDITURE,RECURRENT,TIGNERE COUNCIL,
610.xxx,Materials and supplies used (16),610.112,Water consumption in municipal authority's residence,2009,Budget,200000,EXPENDITURE,RECURRENT,TIGNERE COUNCIL,
610.xxx,Materials and supplies used (16),610.112,Water consumption in municipal authority's residence,2009,Actual,0,EXPENDITURE,RECURRENT,TIGNERE COUNCIL,
610.xxx,Materials and supplies used (16),610.113,Electricity consumption in council building,2008,Budget, 300000 ,EXPENDITURE,RECURRENT,TIGNERE COUNCIL,
610.xxx,Materials and supplies used (16),610.113,Electricity consumption in council building,2008,Actual, 158094 ,EXPENDITURE,RECURRENT,TIGNERE COUNCIL,
610.xxx,Materials and supplies used (16),610.113,Electricity consumption in council building,2009,Budget,200000,EXPENDITURE,RECURRENT,TIGNERE COUNCIL,
610.xxx,Materials and supplies used (16),610.113,Electricity consumption in council building,2009,Actual,4364,EXPENDITURE,RECURRENT,TIGNERE COUNCIL,
610.xxx,Materials and supplies used (16),610.114,Electricity consumption in municipal authority's residence,2008,Budget, 300000 ,EXPENDITURE,RECURRENT,TIGNERE COUNCIL,
610.xxx,Materials and supplies used (16),610.114,Electricity consumption in municipal authority's residence,2008,Actual, 63664 ,EXPENDITURE,RECURRENT,TIGNERE COUNCIL,
610.xxx,Materials and supplies used (16),610.114,Electricity consumption in municipal authority's residence,2009,Budget,200000,EXPENDITURE,RECURRENT,TIGNERE COUNCIL,
610.xxx,Materials and supplies used (16),610.114,Electricity consumption in municipal authority's residence,2009,Actual,13488,EXPENDITURE,RECURRENT,TIGNERE COUNCIL,
610.xxx,Materials and supplies used (16),610.115,Purchase of lighting equipment,2008,Budget, 860000 ,EXPENDITURE,RECURRENT,TIGNERE COUNCIL,
610.xxx,Materials and supplies used (16),610.115,Purchase of lighting equipment,2008,Actual,0,EXPENDITURE,RECURRENT,TIGNERE COUNCIL,
610.xxx,Materials and supplies used (16),610.115,Purchase of lighting equipment,2009,Budget,800000,EXPENDITURE,RECURRENT,TIGNERE COUNCIL,
610.xxx,Materials and supplies used (16),610.115,Purchase of lighting equipment,2009,Actual,791200,EXPENDITURE,RECURRENT,TIGNERE COUNCIL,
610.xxx,Materials and supplies used (16),610.117,Upkeep of cementeries ,2008,Budget,0,EXPENDITURE,RECURRENT,TIGNERE COUNCIL,
610.xxx,Materials and supplies used (16),610.117,Upkeep of cementeries ,2008,Actual,0,EXPENDITURE,RECURRENT,TIGNERE COUNCIL,
610.xxx,Materials and supplies used (16),610.117,Upkeep of cementeries ,2009,Budget,300000,EXPENDITURE,RECURRENT,TIGNERE COUNCIL,
610.xxx,Materials and supplies used (16),610.117,Upkeep of cementeries ,2009,Actual,200000,EXPENDITURE,RECURRENT,TIGNERE COUNCIL,
610.xxx,Materials and supplies used (16),610.118,Electricity consumption for street lighting,2008,Budget, 200000 ,EXPENDITURE,RECURRENT,TIGNERE COUNCIL,
610.xxx,Materials and supplies used (16),610.118,Electricity consumption for street lighting,2008,Actual,0,EXPENDITURE,RECURRENT,TIGNERE COUNCIL,
610.xxx,Materials and supplies used (16),610.118,Electricity consumption for street lighting,2009,Budget,200000,EXPENDITURE,RECURRENT,TIGNERE COUNCIL,
610.xxx,Materials and supplies used (16),610.118,Electricity consumption for street lighting,2009,Actual,0,EXPENDITURE,RECURRENT,TIGNERE COUNCIL,
611.xxx,Transport used (17),611.110,Transport expenses for municipal councilors,2008,Budget, 450000 ,EXPENDITURE,RECURRENT,TIGNERE COUNCIL,
611.xxx,Transport used (17),611.110,Transport expenses for municipal councilors,2008,Actual, 39000 ,EXPENDITURE,RECURRENT,TIGNERE COUNCIL,
611.xxx,Transport used (17),611.110,Transport expenses for municipal councilors,2009,Budget,2000000,EXPENDITURE,RECURRENT,TIGNERE COUNCIL,
611.xxx,Transport used (17),611.110,Transport expenses for municipal councilors,2009,Actual,864000,EXPENDITURE,RECURRENT,TIGNERE COUNCIL,
611.xxx,Transport used (17),611.101,Transport expenses for municipal administrators and their deputies,2008,Budget, 500000 ,EXPENDITURE,RECURRENT,TIGNERE COUNCIL,
611.xxx,Transport used (17),611.101,Transport expenses for municipal administrators and their deputies,2008,Actual, 323000 ,EXPENDITURE,RECURRENT,TIGNERE COUNCIL,
611.xxx,Transport used (17),611.101,Transport expenses for municipal administrators and their deputies,2009,Budget,650000,EXPENDITURE,RECURRENT,TIGNERE COUNCIL,
611.xxx,Transport used (17),611.101,Transport expenses for municipal administrators and their deputies,2009,Actual,615000,EXPENDITURE,RECURRENT,TIGNERE COUNCIL,
611.xxx,Transport used (17),611.102,Transport expenses for secretaries general,2008,Budget, 500000 ,EXPENDITURE,RECURRENT,TIGNERE COUNCIL,
611.xxx,Transport used (17),611.102,Transport expenses for secretaries general,2008,Actual, 175000 ,EXPENDITURE,RECURRENT,TIGNERE COUNCIL,
611.xxx,Transport used (17),611.102,Transport expenses for secretaries general,2009,Budget,500000,EXPENDITURE,RECURRENT,TIGNERE COUNCIL,
611.xxx,Transport used (17),611.102,Transport expenses for secretaries general,2009,Actual,75000,EXPENDITURE,RECURRENT,TIGNERE COUNCIL,
611.xxx,Transport used (17),611.103,Transport expenses for council treasurers,2008,Budget, 300000 ,EXPENDITURE,RECURRENT,TIGNERE COUNCIL,
611.xxx,Transport used (17),611.103,Transport expenses for council treasurers,2008,Actual, 225000 ,EXPENDITURE,RECURRENT,TIGNERE COUNCIL,
611.xxx,Transport used (17),611.103,Transport expenses for council treasurers,2009,Budget,350000,EXPENDITURE,RECURRENT,TIGNERE COUNCIL,
611.xxx,Transport used (17),611.103,Transport expenses for council treasurers,2009,Actual,300000,EXPENDITURE,RECURRENT,TIGNERE COUNCIL,
611.xxx,Transport used (17),611.104,Transport expenses for resident council staff,2008,Budget, 225000 ,EXPENDITURE,RECURRENT,TIGNERE COUNCIL,
611.xxx,Transport used (17),611.104,Transport expenses for resident council staff,2008,Actual, 30000 ,EXPENDITURE,RECURRENT,TIGNERE COUNCIL,
611.xxx,Transport used (17),611.104,Transport expenses for resident council staff,2009,Budget,300000,EXPENDITURE,RECURRENT,TIGNERE COUNCIL,
611.xxx,Transport used (17),611.104,Transport expenses for resident council staff,2009,Actual,0,EXPENDITURE,RECURRENT,TIGNERE COUNCIL,
611.xxx,Transport used (17),611.106,"Final transfer (death, retirement, repatriation, etc.)",2008,Budget, 200000 ,EXPENDITURE,RECURRENT,TIGNERE COUNCIL,
611.xxx,Transport used (17),611.106,"Final transfer (death, retirement, repatriation, etc.)",2008,Actual, 100000 ,EXPENDITURE,RECURRENT,TIGNERE COUNCIL,
611.xxx,Transport used (17),611.106,"Final transfer (death, retirement, repatriation, etc.)",2009,Budget,2000000,EXPENDITURE,RECURRENT,TIGNERE COUNCIL,
611.xxx,Transport used (17),611.106,"Final transfer (death, retirement, repatriation, etc.)",2009,Actual,0,EXPENDITURE,RECURRENT,TIGNERE COUNCIL,
612.xxx,Other services used (18),612.100,Posts and telecommunications fees,2008,Budget, 600000 ,EXPENDITURE,RECURRENT,TIGNERE COUNCIL,
612.xxx,Other services used (18),612.100,Posts and telecommunications fees,2008,Actual,0,EXPENDITURE,RECURRENT,TIGNERE COUNCIL,
612.xxx,Other services used (18),612.100,Posts and telecommunications fees,2009,Budget,600000,EXPENDITURE,RECURRENT,TIGNERE COUNCIL,
612.xxx,Other services used (18),612.100,Posts and telecommunications fees,2009,Actual,0,EXPENDITURE,RECURRENT,TIGNERE COUNCIL,
612.xxx,Other services used (18),612.102,Bonuses and allowances for tax collectors,2008,Budget, 1018440 ,EXPENDITURE,RECURRENT,TIGNERE COUNCIL,
612.xxx,Other services used (18),612.102,Bonuses and allowances for tax collectors,2008,Actual, 455859 ,EXPENDITURE,RECURRENT,TIGNERE COUNCIL,
612.xxx,Other services used (18),612.102,Bonuses and allowances for tax collectors,2009,Budget,1500000,EXPENDITURE,RECURRENT,TIGNERE COUNCIL,
612.xxx,Other services used (18),612.102,Bonuses and allowances for tax collectors,2009,Actual,309204,EXPENDITURE,RECURRENT,TIGNERE COUNCIL,
612.xxx,Other services used (18),612.103,Fixed asset transfer fees,2008,Budget, 600000 ,EXPENDITURE,RECURRENT,TIGNERE COUNCIL,
612.xxx,Other services used (18),612.103,Fixed asset transfer fees,2008,Actual, 260000 ,EXPENDITURE,RECURRENT,TIGNERE COUNCIL,
612.xxx,Other services used (18),612.103,Fixed asset transfer fees,2009,Budget,1000000,EXPENDITURE,RECURRENT,TIGNERE COUNCIL,
612.xxx,Other services used (18),612.103,Fixed asset transfer fees,2009,Actual,875000,EXPENDITURE,RECURRENT,TIGNERE COUNCIL,
612.xxx,Other services used (18),612.107,"Maintenance of sundry services (building equipment movable properties, etc.)",2008,Budget,0,EXPENDITURE,RECURRENT,TIGNERE COUNCIL,
612.xxx,Other services used (18),612.107,"Maintenance of sundry services (building equipment movable properties, etc.)",2008,Actual,0,EXPENDITURE,RECURRENT,TIGNERE COUNCIL,
612.xxx,Other services used (18),612.107,"Maintenance of sundry services (building equipment movable properties, etc.)",2009,Budget,0,EXPENDITURE,RECURRENT,TIGNERE COUNCIL,
612.xxx,Other services used (18),612.107,"Maintenance of sundry services (building equipment movable properties, etc.)",2009,Actual,0,EXPENDITURE,RECURRENT,TIGNERE COUNCIL,
612.xxx,Other services used (18),612.110,Entertainment fees,2008,Budget, 2000000 ,EXPENDITURE,RECURRENT,TIGNERE COUNCIL,
612.xxx,Other services used (18),612.110,Entertainment fees,2008,Actual, 2000000 ,EXPENDITURE,RECURRENT,TIGNERE COUNCIL,
612.xxx,Other services used (18),612.110,Entertainment fees,2009,Budget,2000000,EXPENDITURE,RECURRENT,TIGNERE COUNCIL,
612.xxx,Other services used (18),612.110,Entertainment fees,2009,Actual,1250000,EXPENDITURE,RECURRENT,TIGNERE COUNCIL,
612.xxx,Other services used (18),612.112,Expenses for official ceremonies,2008,Budget, 1250000 ,EXPENDITURE,RECURRENT,TIGNERE COUNCIL,
612.xxx,Other services used (18),612.112,Expenses for official ceremonies,2008,Actual, 1250000 ,EXPENDITURE,RECURRENT,TIGNERE COUNCIL,
612.xxx,Other services used (18),612.112,Expenses for official ceremonies,2009,Budget,1500000,EXPENDITURE,RECURRENT,TIGNERE COUNCIL,
612.xxx,Other services used (18),612.112,Expenses for official ceremonies,2009,Actual,1350000,EXPENDITURE,RECURRENT,TIGNERE COUNCIL,
612.xxx,Other services used (18),,Total Sub-Head 6.12,2008,Budget, 5468440 ,EXPENDITURE,RECURRENT,TIGNERE COUNCIL,
612.xxx,Other services used (18),,Total Sub-Head 6.12,2008,Actual, 3965859 ,EXPENDITURE,RECURRENT,TIGNERE COUNCIL,
612.xxx,Other services used (18),,Total Sub-Head 6.12,2009,Budget, 6600000 ,EXPENDITURE,RECURRENT,TIGNERE COUNCIL,
612.xxx,Other services used (18),,Total Sub-Head 6.12,2009,Actual, 3784204 ,EXPENDITURE,RECURRENT,TIGNERE COUNCIL,
620.xxx,Staff costs (19),620.100,Basic wages and gross salary,2008,Budget, 13089491 ,EXPENDITURE,RECURRENT,TIGNERE COUNCIL,
620.xxx,Staff costs (19),620.100,Basic wages and gross salary,2008,Actual, 9237687 ,EXPENDITURE,RECURRENT,TIGNERE COUNCIL,
620.xxx,Staff costs (19),620.100,Basic wages and gross salary,2009,Budget,14346456,EXPENDITURE,RECURRENT,TIGNERE COUNCIL,
620.xxx,Staff costs (19),620.100,Basic wages and gross salary,2009,Actual,9922133,EXPENDITURE,RECURRENT,TIGNERE COUNCIL,
620.xxx,Staff costs (19),620.101,Allowances,2008,Budget, 1237956 ,EXPENDITURE,RECURRENT,TIGNERE COUNCIL,
620.xxx,Staff costs (19),620.101,Allowances,2008,Actual, 928467 ,EXPENDITURE,RECURRENT,TIGNERE COUNCIL,
620.xxx,Staff costs (19),620.101,Allowances,2009,Budget,1535816,EXPENDITURE,RECURRENT,TIGNERE COUNCIL,
620.xxx,Staff costs (19),620.101,Allowances,2009,Actual,1273179,EXPENDITURE,RECURRENT,TIGNERE COUNCIL,
620.xxx,Staff costs (19),620.102,Bonuses and allowances granted to council staff,2008,Budget, 500000 ,EXPENDITURE,RECURRENT,TIGNERE COUNCIL,
620.xxx,Staff costs (19),620.102,Bonuses and allowances granted to council staff,2008,Actual,0,EXPENDITURE,RECURRENT,TIGNERE COUNCIL,
620.xxx,Staff costs (19),620.102,Bonuses and allowances granted to council staff,2009,Budget,500000,EXPENDITURE,RECURRENT,TIGNERE COUNCIL,
620.xxx,Staff costs (19),620.102,Bonuses and allowances granted to council staff,2009,Actual,100000,EXPENDITURE,RECURRENT,TIGNERE COUNCIL,
620.xxx,Staff costs (19),620.103,Overtime,2008,Budget, 400000 ,EXPENDITURE,RECURRENT,TIGNERE COUNCIL,
620.xxx,Staff costs (19),620.103,Overtime,2008,Actual,0,EXPENDITURE,RECURRENT,TIGNERE COUNCIL,
620.xxx,Staff costs (19),620.103,Overtime,2009,Budget,400000,EXPENDITURE,RECURRENT,TIGNERE COUNCIL,
620.xxx,Staff costs (19),620.103,Overtime,2009,Actual,0,EXPENDITURE,RECURRENT,TIGNERE COUNCIL,
620.xxx,Staff costs (19),620.104,Various benefits for council staff,2008,Budget, 400000 ,EXPENDITURE,RECURRENT,TIGNERE COUNCIL,
620.xxx,Staff costs (19),620.104,Various benefits for council staff,2008,Actual, 333641 ,EXPENDITURE,RECURRENT,TIGNERE COUNCIL,
620.xxx,Staff costs (19),620.104,Various benefits for council staff,2009,Budget,400000,EXPENDITURE,RECURRENT,TIGNERE COUNCIL,
620.xxx,Staff costs (19),620.104,Various benefits for council staff,2009,Actual,200000,EXPENDITURE,RECURRENT,TIGNERE COUNCIL,
620.xxx,Staff costs (19),620.105,Contribution to the NSIF,2008,Budget, 1824264 ,EXPENDITURE,RECURRENT,TIGNERE COUNCIL,
620.xxx,Staff costs (19),620.105,Contribution to the NSIF,2008,Actual, 947223 ,EXPENDITURE,RECURRENT,TIGNERE COUNCIL,
620.xxx,Staff costs (19),620.105,Contribution to the NSIF,2009,Budget,1254639,EXPENDITURE,RECURRENT,TIGNERE COUNCIL,
620.xxx,Staff costs (19),620.105,Contribution to the NSIF,2009,Actual,1080270,EXPENDITURE,RECURRENT,TIGNERE COUNCIL,
620.xxx,Staff costs (19),620.106,Reserves for advancement,2008,Budget,0,EXPENDITURE,RECURRENT,TIGNERE COUNCIL,
620.xxx,Staff costs (19),620.106,Reserves for advancement,2008,Actual,0,EXPENDITURE,RECURRENT,TIGNERE COUNCIL,
620.xxx,Staff costs (19),620.106,Reserves for advancement,2009,Budget,1433873,EXPENDITURE,RECURRENT,TIGNERE COUNCIL,
620.xxx,Staff costs (19),620.106,Reserves for advancement,2009,Actual,0,EXPENDITURE,RECURRENT,TIGNERE COUNCIL,
620.xxx,Staff costs (19),620.108,Training expenses,2008,Budget, 300000 ,EXPENDITURE,RECURRENT,TIGNERE COUNCIL,
620.xxx,Staff costs (19),620.108,Training expenses,2008,Actual,0,EXPENDITURE,RECURRENT,TIGNERE COUNCIL,
620.xxx,Staff costs (19),620.108,Training expenses,2009,Budget,600000,EXPENDITURE,RECURRENT,TIGNERE COUNCIL,
620.xxx,Staff costs (19),620.108,Training expenses,2009,Actual,0,EXPENDITURE,RECURRENT,TIGNERE COUNCIL,
620.xxx,Staff costs (19),620.109,Reserves for youth employment programs,2008,Budget, 500000 ,EXPENDITURE,RECURRENT,TIGNERE COUNCIL,
620.xxx,Staff costs (19),620.109,Reserves for youth employment programs,2008,Actual, 500000 ,EXPENDITURE,RECURRENT,TIGNERE COUNCIL,
620.xxx,Staff costs (19),620.109,Reserves for youth employment programs,2009,Budget,800000,EXPENDITURE,RECURRENT,TIGNERE COUNCIL,
620.xxx,Staff costs (19),620.109,Reserves for youth employment programs,2009,Actual,725000,EXPENDITURE,RECURRENT,TIGNERE COUNCIL,
620.xxx,Staff costs (19),620.111,Expenditure for part-time workers,2008,Budget, 3735096 ,EXPENDITURE,RECURRENT,TIGNERE COUNCIL,
620.xxx,Staff costs (19),620.111,Expenditure for part-time workers,2008,Actual, 2732968 ,EXPENDITURE,RECURRENT,TIGNERE COUNCIL,
620.xxx,Staff costs (19),620.111,Expenditure for part-time workers,2009,Budget,2539512,EXPENDITURE,RECURRENT,TIGNERE COUNCIL,
620.xxx,Staff costs (19),620.111,Expenditure for part-time workers,2009,Actual,2224634,EXPENDITURE,RECURRENT,TIGNERE COUNCIL,
630.xxx,Taxes and duties (20),630.110,Automobile licenses,2008,Budget, 69975 ,EXPENDITURE,RECURRENT,TIGNERE COUNCIL,
630.xxx,Taxes and duties (20),630.110,Automobile licenses,2008,Actual,0,EXPENDITURE,RECURRENT,TIGNERE COUNCIL,
630.xxx,Taxes and duties (20),630.110,Automobile licenses,2009,Budget,50000,EXPENDITURE,RECURRENT,TIGNERE COUNCIL,
630.xxx,Taxes and duties (20),630.110,Automobile licenses,2009,Actual,0,EXPENDITURE,RECURRENT,TIGNERE COUNCIL,
630.xxx,Taxes and duties (20),630.105,Other taxes,2008,Budget, 623720 ,EXPENDITURE,RECURRENT,TIGNERE COUNCIL,
630.xxx,Taxes and duties (20),630.105,Other taxes,2008,Actual,0,EXPENDITURE,RECURRENT,TIGNERE COUNCIL,
630.xxx,Taxes and duties (20),630.105,Other taxes,2009,Budget,623720,EXPENDITURE,RECURRENT,TIGNERE COUNCIL,
630.xxx,Taxes and duties (20),630.105,Other taxes,2009,Actual,0,EXPENDITURE,RECURRENT,TIGNERE COUNCIL,
650.xxx,Subsidy grants (22),650.101,Subsidies to schools,2008,Budget, 700000 ,EXPENDITURE,RECURRENT,TIGNERE COUNCIL,
650.xxx,Subsidy grants (22),650.101,Subsidies to schools,2008,Actual, 700000 ,EXPENDITURE,RECURRENT,TIGNERE COUNCIL,
650.xxx,Subsidy grants (22),650.101,Subsidies to schools,2009,Budget,937096,EXPENDITURE,RECURRENT,TIGNERE COUNCIL,
650.xxx,Subsidy grants (22),650.101,Subsidies to schools,2009,Actual,700000,EXPENDITURE,RECURRENT,TIGNERE COUNCIL,
650.xxx,Subsidy grants (22),650.102,Subsidies to sport associations,2008,Budget, 200000 ,EXPENDITURE,RECURRENT,TIGNERE COUNCIL,
650.xxx,Subsidy grants (22),650.102,Subsidies to sport associations,2008,Actual, 200000 ,EXPENDITURE,RECURRENT,TIGNERE COUNCIL,
650.xxx,Subsidy grants (22),650.102,Subsidies to sport associations,2009,Budget,300000,EXPENDITURE,RECURRENT,TIGNERE COUNCIL,
650.xxx,Subsidy grants (22),650.102,Subsidies to sport associations,2009,Actual,300000,EXPENDITURE,RECURRENT,TIGNERE COUNCIL,
660.xxx,Transfers granted (23),660.101,Contributions to the operating expenses of the provincial council services,2008,Budget, 330000 ,EXPENDITURE,RECURRENT,TIGNERE COUNCIL,
660.xxx,Transfers granted (23),660.101,Contributions to the operating expenses of the provincial council services,2008,Actual, 330000 ,EXPENDITURE,RECURRENT,TIGNERE COUNCIL,
660.xxx,Transfers granted (23),660.101,Contributions to the operating expenses of the provincial council services,2009,Budget,300000,EXPENDITURE,RECURRENT,TIGNERE COUNCIL,
660.xxx,Transfers granted (23),660.101,Contributions to the operating expenses of the provincial council services,2009,Actual,200000,EXPENDITURE,RECURRENT,TIGNERE COUNCIL,
660.xxx,Transfers granted (23),660.104,Participation in the management of natural disasters,2008,Budget, 300000 ,EXPENDITURE,RECURRENT,TIGNERE COUNCIL,
660.xxx,Transfers granted (23),660.104,Participation in the management of natural disasters,2008,Actual, 300000 ,EXPENDITURE,RECURRENT,TIGNERE COUNCIL,
660.xxx,Transfers granted (23),660.104,Participation in the management of natural disasters,2009,Budget,300000,EXPENDITURE,RECURRENT,TIGNERE COUNCIL,
660.xxx,Transfers granted (23),660.104,Participation in the management of natural disasters,2009,Actual,300000,EXPENDITURE,RECURRENT,TIGNERE COUNCIL,
660.xxx,Transfers granted (23),660.105,"Other transfers paid (ACVC, etc.)",2008,Budget,0,EXPENDITURE,RECURRENT,TIGNERE COUNCIL,
660.xxx,Transfers granted (23),660.105,"Other transfers paid (ACVC, etc.)",2008,Actual,0,EXPENDITURE,RECURRENT,TIGNERE COUNCIL,
660.xxx,Transfers granted (23),660.105,"Other transfers paid (ACVC, etc.)",2009,Budget,200000,EXPENDITURE,RECURRENT,TIGNERE COUNCIL,
660.xxx,Transfers granted (23),660.105,"Other transfers paid (ACVC, etc.)",2009,Actual,200000,EXPENDITURE,RECURRENT,TIGNERE COUNCIL,
660.xxx,Transfers granted (23),660.106,Contribution transfers paid,2008,Budget, 170000 ,EXPENDITURE,RECURRENT,TIGNERE COUNCIL,
660.xxx,Transfers granted (23),660.106,Contribution transfers paid,2008,Actual, 170000 ,EXPENDITURE,RECURRENT,TIGNERE COUNCIL,
660.xxx,Transfers granted (23),660.106,Contribution transfers paid,2009,Budget,600000,EXPENDITURE,RECURRENT,TIGNERE COUNCIL,
660.xxx,Transfers granted (23),660.106,Contribution transfers paid,2009,Actual,250000,EXPENDITURE,RECURRENT,TIGNERE COUNCIL,
670.xxx,Other expenses and sundry loses (24),670.100,Sitting allowances for municipal councilors,2008,Budget, 4400000 ,EXPENDITURE,RECURRENT,TIGNERE COUNCIL,
670.xxx,Other expenses and sundry loses (24),670.100,Sitting allowances for municipal councilors,2008,Actual, 2640000 ,EXPENDITURE,RECURRENT,TIGNERE COUNCIL,
670.xxx,Other expenses and sundry loses (24),670.100,Sitting allowances for municipal councilors,2009,Budget,3520000,EXPENDITURE,RECURRENT,TIGNERE COUNCIL,
670.xxx,Other expenses and sundry loses (24),670.100,Sitting allowances for municipal councilors,2009,Actual,2200000,EXPENDITURE,RECURRENT,TIGNERE COUNCIL,
670.xxx,Other expenses and sundry loses (24),670.101,Secretariat and entertainment allowances during council sessions,2008,Budget, 2000000 ,EXPENDITURE,RECURRENT,TIGNERE COUNCIL,
670.xxx,Other expenses and sundry loses (24),670.101,Secretariat and entertainment allowances during council sessions,2008,Actual, 1000000 ,EXPENDITURE,RECURRENT,TIGNERE COUNCIL,
670.xxx,Other expenses and sundry loses (24),670.101,Secretariat and entertainment allowances during council sessions,2009,Budget,1600000,EXPENDITURE,RECURRENT,TIGNERE COUNCIL,
670.xxx,Other expenses and sundry loses (24),670.101,Secretariat and entertainment allowances during council sessions,2009,Actual,538534,EXPENDITURE,RECURRENT,TIGNERE COUNCIL,
670.xxx,Other expenses and sundry loses (24),670.104,Duty allowances of municipal authorities,2008,Budget, 770263 ,EXPENDITURE,RECURRENT,TIGNERE COUNCIL,
670.xxx,Other expenses and sundry loses (24),670.104,Duty allowances of municipal authorities,2008,Actual, 577692 ,EXPENDITURE,RECURRENT,TIGNERE COUNCIL,
670.xxx,Other expenses and sundry loses (24),670.104,Duty allowances of municipal authorities,2009,Budget,770263,EXPENDITURE,RECURRENT,TIGNERE COUNCIL,
670.xxx,Other expenses and sundry loses (24),670.104,Duty allowances of municipal authorities,2009,Actual,641880,EXPENDITURE,RECURRENT,TIGNERE COUNCIL,
670.xxx,Other expenses and sundry loses (24),670.105,Duty allowances for assistant mayors,2008,Budget, 513508 ,EXPENDITURE,RECURRENT,TIGNERE COUNCIL,
670.xxx,Other expenses and sundry loses (24),670.105,Duty allowances for assistant mayors,2008,Actual, 385128 ,EXPENDITURE,RECURRENT,TIGNERE COUNCIL,
670.xxx,Other expenses and sundry loses (24),670.105,Duty allowances for assistant mayors,2009,Budget,513508,EXPENDITURE,RECURRENT,TIGNERE COUNCIL,
670.xxx,Other expenses and sundry loses (24),670.105,Duty allowances for assistant mayors,2009,Actual,427920,EXPENDITURE,RECURRENT,TIGNERE COUNCIL,
670.xxx,Other expenses and sundry loses (24),670.106,Entertainment allowances for municipal authorities,2008,Budget, 420225 ,EXPENDITURE,RECURRENT,TIGNERE COUNCIL,
670.xxx,Other expenses and sundry loses (24),670.106,Entertainment allowances for municipal authorities,2008,Actual, 315162 ,EXPENDITURE,RECURRENT,TIGNERE COUNCIL,
670.xxx,Other expenses and sundry loses (24),670.106,Entertainment allowances for municipal authorities,2009,Budget,420225,EXPENDITURE,RECURRENT,TIGNERE COUNCIL,
670.xxx,Other expenses and sundry loses (24),670.106,Entertainment allowances for municipal authorities,2009,Actual,350180,EXPENDITURE,RECURRENT,TIGNERE COUNCIL,
670.xxx,Other expenses and sundry loses (24),670.107,Insurance premiums of municipal council members,2008,Budget, 150000 ,EXPENDITURE,RECURRENT,TIGNERE COUNCIL,
670.xxx,Other expenses and sundry loses (24),670.107,Insurance premiums of municipal council members,2008,Actual,0,EXPENDITURE,RECURRENT,TIGNERE COUNCIL,
670.xxx,Other expenses and sundry loses (24),670.107,Insurance premiums of municipal council members,2009,Budget,0,EXPENDITURE,RECURRENT,TIGNERE COUNCIL,
670.xxx,Other expenses and sundry loses (24),670.107,Insurance premiums of municipal council members,2009,Actual,0,EXPENDITURE,RECURRENT,TIGNERE COUNCIL,
670.xxx,Other expenses and sundry loses (24),670.108,"Insurance premiums of mayors, deputy-mayors, and council staff",2008,Budget, 400000 ,EXPENDITURE,RECURRENT,TIGNERE COUNCIL,
670.xxx,Other expenses and sundry loses (24),670.108,"Insurance premiums of mayors, deputy-mayors, and council staff",2008,Actual,0,EXPENDITURE,RECURRENT,TIGNERE COUNCIL,
670.xxx,Other expenses and sundry loses (24),670.108,"Insurance premiums of mayors, deputy-mayors, and council staff",2009,Budget,0,EXPENDITURE,RECURRENT,TIGNERE COUNCIL,
670.xxx,Other expenses and sundry loses (24),670.108,"Insurance premiums of mayors, deputy-mayors, and council staff",2009,Actual,0,EXPENDITURE,RECURRENT,TIGNERE COUNCIL,
670.xxx,Other expenses and sundry loses (24),670.112,Fonctionnemen commisse de Passation des marche (2008 only),2008,Budget, 1800000 ,EXPENDITURE,RECURRENT,TIGNERE COUNCIL,
670.xxx,Other expenses and sundry loses (24),670.112,Fonctionnemen commisse de Passation des marche (2008 only),2008,Actual, 424000 ,EXPENDITURE,RECURRENT,TIGNERE COUNCIL,
670.xxx,Other expenses and sundry loses (24),670.112,Fonctionnemen commisse de Passation des marche (2008 only),2009,Budget,0,EXPENDITURE,RECURRENT,TIGNERE COUNCIL,
670.xxx,Other expenses and sundry loses (24),670.112,Fonctionnemen commisse de Passation des marche (2008 only),2009,Actual,0,EXPENDITURE,RECURRENT,TIGNERE COUNCIL,
670.xxx,Other expenses and sundry loses (24),670.112,Cotisations professionnelles aux synidcats (2009 only),2008,Budget,0,EXPENDITURE,RECURRENT,TIGNERE COUNCIL,
670.xxx,Other expenses and sundry loses (24),670.112,Cotisations professionnelles aux synidcats (2009 only),2008,Actual,0,EXPENDITURE,RECURRENT,TIGNERE COUNCIL,
670.xxx,Other expenses and sundry loses (24),670.112,Cotisations professionnelles aux synidcats (2009 only),2009,Budget,2400000,EXPENDITURE,RECURRENT,TIGNERE COUNCIL,
670.xxx,Other expenses and sundry loses (24),670.112,Cotisations professionnelles aux synidcats (2009 only),2009,Actual,185000,EXPENDITURE,RECURRENT,TIGNERE COUNCIL,
670.xxx,Other expenses and sundry loses (24),670.113,Conference seminar allowances,2008,Budget, 400000 ,EXPENDITURE,RECURRENT,TIGNERE COUNCIL,
670.xxx,Other expenses and sundry loses (24),670.113,Conference seminar allowances,2008,Actual, 400000 ,EXPENDITURE,RECURRENT,TIGNERE COUNCIL,
670.xxx,Other expenses and sundry loses (24),670.113,Conference seminar allowances,2009,Budget,400000,EXPENDITURE,RECURRENT,TIGNERE COUNCIL,
670.xxx,Other expenses and sundry loses (24),670.113,Conference seminar allowances,2009,Actual,350000,EXPENDITURE,RECURRENT,TIGNERE COUNCIL,
670.xxx,Other expenses and sundry loses (24),670.114,Gifts and relief assistance,2008,Budget, 1004055 ,EXPENDITURE,RECURRENT,TIGNERE COUNCIL,
670.xxx,Other expenses and sundry loses (24),670.114,Gifts and relief assistance,2008,Actual, 700000 ,EXPENDITURE,RECURRENT,TIGNERE COUNCIL,
670.xxx,Other expenses and sundry loses (24),670.114,Gifts and relief assistance,2009,Budget,1200000,EXPENDITURE,RECURRENT,TIGNERE COUNCIL,
670.xxx,Other expenses and sundry loses (24),670.114,Gifts and relief assistance,2009,Actual,500000,EXPENDITURE,RECURRENT,TIGNERE COUNCIL,
670.xxx,Other expenses and sundry loses (24),670.121,Transfer charges for land surveying work,2008,Budget, 500000 ,EXPENDITURE,RECURRENT,TIGNERE COUNCIL,
670.xxx,Other expenses and sundry loses (24),670.121,Transfer charges for land surveying work,2008,Actual,0,EXPENDITURE,RECURRENT,TIGNERE COUNCIL,
670.xxx,Other expenses and sundry loses (24),670.121,Transfer charges for land surveying work,2009,Budget,500000,EXPENDITURE,RECURRENT,TIGNERE COUNCIL,
670.xxx,Other expenses and sundry loses (24),670.121,Transfer charges for land surveying work,2009,Actual,0,EXPENDITURE,RECURRENT,TIGNERE COUNCIL,
670.xxx,Other expenses and sundry loses (24),670.123,Fees for participation in the running of sundry loan recovery support services,2008,Budget, 500000 ,EXPENDITURE,RECURRENT,TIGNERE COUNCIL,
670.xxx,Other expenses and sundry loses (24),670.123,Fees for participation in the running of sundry loan recovery support services,2008,Actual, 500000 ,EXPENDITURE,RECURRENT,TIGNERE COUNCIL,
670.xxx,Other expenses and sundry loses (24),670.123,Fees for participation in the running of sundry loan recovery support services,2009,Budget,500000,EXPENDITURE,RECURRENT,TIGNERE COUNCIL,
670.xxx,Other expenses and sundry loses (24),670.123,Fees for participation in the running of sundry loan recovery support services,2009,Actual,300000,EXPENDITURE,RECURRENT,TIGNERE COUNCIL,
670.xxx,Other expenses and sundry loses (24),670.124,Burial expenses for abandoned corpse,2008,Budget, 50000 ,EXPENDITURE,RECURRENT,TIGNERE COUNCIL,
670.xxx,Other expenses and sundry loses (24),670.124,Burial expenses for abandoned corpse,2008,Actual,0,EXPENDITURE,RECURRENT,TIGNERE COUNCIL,
670.xxx,Other expenses and sundry loses (24),670.124,Burial expenses for abandoned corpse,2009,Budget,125808,EXPENDITURE,RECURRENT,TIGNERE COUNCIL,
670.xxx,Other expenses and sundry loses (24),670.124,Burial expenses for abandoned corpse,2009,Actual,65000,EXPENDITURE,RECURRENT,TIGNERE COUNCIL,
670.xxx,Other expenses and sundry loses (24),670.126,Funds for purchase of official sashes and insignia,2008,Budget, 500000 ,EXPENDITURE,RECURRENT,TIGNERE COUNCIL,
670.xxx,Other expenses and sundry loses (24),670.126,Funds for purchase of official sashes and insignia,2008,Actual, 125000 ,EXPENDITURE,RECURRENT,TIGNERE COUNCIL,
670.xxx,Other expenses and sundry loses (24),670.126,Funds for purchase of official sashes and insignia,2009,Budget,0,EXPENDITURE,RECURRENT,TIGNERE COUNCIL,
670.xxx,Other expenses and sundry loses (24),670.126,Funds for purchase of official sashes and insignia,2009,Actual,0,EXPENDITURE,RECURRENT,TIGNERE COUNCIL,
670.xxx,Other expenses and sundry loses (24),670.129,Operating expenses of the council treasury,2008,Budget, 1012132 ,EXPENDITURE,RECURRENT,TIGNERE COUNCIL,
670.xxx,Other expenses and sundry loses (24),670.129,Operating expenses of the council treasury,2008,Actual,0,EXPENDITURE,RECURRENT,TIGNERE COUNCIL,
670.xxx,Other expenses and sundry loses (24),670.129,Operating expenses of the council treasury,2009,Budget,1400000,EXPENDITURE,RECURRENT,TIGNERE COUNCIL,
670.xxx,Other expenses and sundry loses (24),670.129,Operating expenses of the council treasury,2009,Actual,0,EXPENDITURE,RECURRENT,TIGNERE COUNCIL,
670.xxx,Other expenses and sundry loses (24),680.100,Appropriation for depreciation to be provided for type of tangible assets,2008,Budget,0,EXPENDITURE,RECURRENT,TIGNERE COUNCIL,
670.xxx,Other expenses and sundry loses (24),680.100,Appropriation for depreciation to be provided for type of tangible assets,2008,Actual,0,EXPENDITURE,RECURRENT,TIGNERE COUNCIL,
670.xxx,Other expenses and sundry loses (24),680.100,Appropriation for depreciation to be provided for type of tangible assets,2009,Budget,0,EXPENDITURE,RECURRENT,TIGNERE COUNCIL,
670.xxx,Other expenses and sundry loses (24),680.100,Appropriation for depreciation to be provided for type of tangible assets,2009,Actual,0,EXPENDITURE,RECURRENT,TIGNERE COUNCIL,
160.xxx,Reimbursement of other long to mid-term debts (26),160.130,"Short-term SONEL, SNEC and P &T loans included in the accounts consolidated as long to mid term loans",2008,Budget, 8200000 ,EXPENDITURE,INVESTMENT,TIGNERE COUNCIL,(a) Equipment Expenses
160.xxx,Reimbursement of other long to mid-term debts (26),160.130,"Short-term SONEL, SNEC and P &T loans included in the accounts consolidated as long to mid term loans",2008,Actual, 4123005 ,EXPENDITURE,INVESTMENT,TIGNERE COUNCIL,(a) Equipment Expenses
160.xxx,Reimbursement of other long to mid-term debts (26),160.130,"Short-term SONEL, SNEC and P &T loans included in the accounts consolidated as long to mid term loans",2009,Budget,8000000,EXPENDITURE,INVESTMENT,TIGNERE COUNCIL,(a) Equipment Expenses
160.xxx,Reimbursement of other long to mid-term debts (26),160.130,"Short-term SONEL, SNEC and P &T loans included in the accounts consolidated as long to mid term loans",2009,Actual,3244134,EXPENDITURE,INVESTMENT,TIGNERE COUNCIL,(a) Equipment Expenses
170.xxx,Repayment of long to mid-term loans resulting from commitment made by the council,170.100,Long to mid-term loans resulting from the operation of the deposit made,2008,Budget, 3432387 ,EXPENDITURE,INVESTMENT,TIGNERE COUNCIL,(a) Equipment Expenses
170.xxx,Repayment of long to mid-term loans resulting from commitment made by the council,170.100,Long to mid-term loans resulting from the operation of the deposit made,2008,Actual, 2955091 ,EXPENDITURE,INVESTMENT,TIGNERE COUNCIL,(a) Equipment Expenses
170.xxx,Repayment of long to mid-term loans resulting from commitment made by the council,170.100,Long to mid-term loans resulting from the operation of the deposit made,2009,Budget,4000000,EXPENDITURE,INVESTMENT,TIGNERE COUNCIL,(a) Equipment Expenses
170.xxx,Repayment of long to mid-term loans resulting from commitment made by the council,170.100,Long to mid-term loans resulting from the operation of the deposit made,2009,Actual,1984456,EXPENDITURE,INVESTMENT,TIGNERE COUNCIL,(a) Equipment Expenses
220.xxx,Other tangible assets (28),220.100,"Council building housing services (general service, work-shop, school, clinics, etc.)",2008,Budget, 2230000 ,EXPENDITURE,INVESTMENT,TIGNERE COUNCIL,(b) Capital investment expenses
220.xxx,Other tangible assets (28),220.100,"Council building housing services (general service, work-shop, school, clinics, etc.)",2008,Actual,0,EXPENDITURE,INVESTMENT,TIGNERE COUNCIL,(b) Capital investment expenses
220.xxx,Other tangible assets (28),220.100,"Council building housing services (general service, work-shop, school, clinics, etc.)",2009,Budget,1000000,EXPENDITURE,INVESTMENT,TIGNERE COUNCIL,(b) Capital investment expenses
220.xxx,Other tangible assets (28),220.100,"Council building housing services (general service, work-shop, school, clinics, etc.)",2009,Actual,0,EXPENDITURE,INVESTMENT,TIGNERE COUNCIL,(b) Capital investment expenses
220.xxx,Other tangible assets (28),220.110,Residential council building,2008,Budget, 1037613 ,EXPENDITURE,INVESTMENT,TIGNERE COUNCIL,(b) Capital investment expenses
220.xxx,Other tangible assets (28),220.110,Residential council building,2008,Actual,0,EXPENDITURE,INVESTMENT,TIGNERE COUNCIL,(b) Capital investment expenses
220.xxx,Other tangible assets (28),220.110,Residential council building,2009,Budget,0,EXPENDITURE,INVESTMENT,TIGNERE COUNCIL,(b) Capital investment expenses
220.xxx,Other tangible assets (28),220.110,Residential council building,2009,Actual,0,EXPENDITURE,INVESTMENT,TIGNERE COUNCIL,(b) Capital investment expenses
220.xxx,Other tangible assets (28),220.120,Commercial council building,2008,Budget, 1500000 ,EXPENDITURE,INVESTMENT,TIGNERE COUNCIL,(b) Capital investment expenses
220.xxx,Other tangible assets (28),220.120,Commercial council building,2008,Actual,0,EXPENDITURE,INVESTMENT,TIGNERE COUNCIL,(b) Capital investment expenses
220.xxx,Other tangible assets (28),220.120,Commercial council building,2009,Budget,2000000,EXPENDITURE,INVESTMENT,TIGNERE COUNCIL,(b) Capital investment expenses
220.xxx,Other tangible assets (28),220.120,Commercial council building,2009,Actual,1598188,EXPENDITURE,INVESTMENT,TIGNERE COUNCIL,(b) Capital investment expenses
220.xxx,Other tangible assets (28),220.140,"Other council buildings (gymnasium, sport, feasts, etc.)",2008,Budget, 2500000 ,EXPENDITURE,INVESTMENT,TIGNERE COUNCIL,(b) Capital investment expenses
220.xxx,Other tangible assets (28),220.140,"Other council buildings (gymnasium, sport, feasts, etc.)",2008,Actual,0,EXPENDITURE,INVESTMENT,TIGNERE COUNCIL,(b) Capital investment expenses
220.xxx,Other tangible assets (28),220.140,"Other council buildings (gymnasium, sport, feasts, etc.)",2009,Budget,5000000,EXPENDITURE,INVESTMENT,TIGNERE COUNCIL,(b) Capital investment expenses
220.xxx,Other tangible assets (28),220.140,"Other council buildings (gymnasium, sport, feasts, etc.)",2009,Actual,0,EXPENDITURE,INVESTMENT,TIGNERE COUNCIL,(b) Capital investment expenses
220.xxx,Other tangible assets (28),220.150,"Construction of road networks (roads, ferries, dams, drains, sewers, electricity, water, public lighting, road signs)",2008,Budget, 7000000 ,EXPENDITURE,INVESTMENT,TIGNERE COUNCIL,(b) Capital investment expenses
220.xxx,Other tangible assets (28),220.150,"Construction of road networks (roads, ferries, dams, drains, sewers, electricity, water, public lighting, road signs)",2008,Actual, 687500 ,EXPENDITURE,INVESTMENT,TIGNERE COUNCIL,(b) Capital investment expenses
220.xxx,Other tangible assets (28),220.150,"Construction of road networks (roads, ferries, dams, drains, sewers, electricity, water, public lighting, road signs)",2009,Budget,13110000,EXPENDITURE,INVESTMENT,TIGNERE COUNCIL,(b) Capital investment expenses
220.xxx,Other tangible assets (28),220.150,"Construction of road networks (roads, ferries, dams, drains, sewers, electricity, water, public lighting, road signs)",2009,Actual,0,EXPENDITURE,INVESTMENT,TIGNERE COUNCIL,(b) Capital investment expenses
221.xxx,Building management (29),221.100,Layout and construction of building ,2008,Budget, 1400000 ,EXPENDITURE,INVESTMENT,TIGNERE COUNCIL,(b) Capital investment expenses
221.xxx,Building management (29),221.100,Layout and construction of building ,2008,Actual,0,EXPENDITURE,INVESTMENT,TIGNERE COUNCIL,(b) Capital investment expenses
221.xxx,Building management (29),221.100,Layout and construction of building ,2009,Budget,5000000,EXPENDITURE,INVESTMENT,TIGNERE COUNCIL,(b) Capital investment expenses
221.xxx,Building management (29),221.100,Layout and construction of building ,2009,Actual,1912908,EXPENDITURE,INVESTMENT,TIGNERE COUNCIL,(b) Capital investment expenses
221.xxx,Building management (29),221.110,Construction of water and electricity networks,2008,Budget, 4000000 ,EXPENDITURE,INVESTMENT,TIGNERE COUNCIL,(b) Capital investment expenses
221.xxx,Building management (29),221.110,Construction of water and electricity networks,2008,Actual,0,EXPENDITURE,INVESTMENT,TIGNERE COUNCIL,(b) Capital investment expenses
221.xxx,Building management (29),221.110,Construction of water and electricity networks,2009,Budget,2890000,EXPENDITURE,INVESTMENT,TIGNERE COUNCIL,(b) Capital investment expenses
221.xxx,Building management (29),221.110,Construction of water and electricity networks,2009,Actual,2630198,EXPENDITURE,INVESTMENT,TIGNERE COUNCIL,(b) Capital investment expenses
222.xxx,Equipment and movables (30),222.100,Transport equipments,2008,Budget, 1000000 ,EXPENDITURE,INVESTMENT,TIGNERE COUNCIL,(b) Capital investment expenses
222.xxx,Equipment and movables (30),222.100,Transport equipments,2008,Actual, 500000 ,EXPENDITURE,INVESTMENT,TIGNERE COUNCIL,(b) Capital investment expenses
222.xxx,Equipment and movables (30),222.100,Transport equipments,2009,Budget,500000,EXPENDITURE,INVESTMENT,TIGNERE COUNCIL,(b) Capital investment expenses
222.xxx,Equipment and movables (30),222.100,Transport equipments,2009,Actual,0,EXPENDITURE,INVESTMENT,TIGNERE COUNCIL,(b) Capital investment expenses
222.xxx,Equipment and movables (30),222.120,Council road equipments,2008,Budget, 700613 ,EXPENDITURE,INVESTMENT,TIGNERE COUNCIL,(b) Capital investment expenses
222.xxx,Equipment and movables (30),222.120,Council road equipments,2008,Actual,0,EXPENDITURE,INVESTMENT,TIGNERE COUNCIL,(b) Capital investment expenses
222.xxx,Equipment and movables (30),222.120,Council road equipments,2009,Budget,500000,EXPENDITURE,INVESTMENT,TIGNERE COUNCIL,(b) Capital investment expenses
222.xxx,Equipment and movables (30),222.120,Council road equipments,2009,Actual,494500,EXPENDITURE,INVESTMENT,TIGNERE COUNCIL,(b) Capital investment expenses
222.xxx,Equipment and movables (30),222.150,Repair equipments for multi purposes vehicles and machines,2008,Budget, 1400000 ,EXPENDITURE,INVESTMENT,TIGNERE COUNCIL,(b) Capital investment expenses
222.xxx,Equipment and movables (30),222.150,Repair equipments for multi purposes vehicles and machines,2008,Actual,0,EXPENDITURE,INVESTMENT,TIGNERE COUNCIL,(b) Capital investment expenses
222.xxx,Equipment and movables (30),222.150,Repair equipments for multi purposes vehicles and machines,2009,Budget,1500000,EXPENDITURE,INVESTMENT,TIGNERE COUNCIL,(b) Capital investment expenses
222.xxx,Equipment and movables (30),222.150,Repair equipments for multi purposes vehicles and machines,2009,Actual,1382400,EXPENDITURE,INVESTMENT,TIGNERE COUNCIL,(b) Capital investment expenses
222.xxx,Equipment and movables (30),222.190,Computer equipments,2008,Budget, 2500000 ,EXPENDITURE,INVESTMENT,TIGNERE COUNCIL,(b) Capital investment expenses
222.xxx,Equipment and movables (30),222.190,Computer equipments,2008,Actual, 1150695 ,EXPENDITURE,INVESTMENT,TIGNERE COUNCIL,(b) Capital investment expenses
222.xxx,Equipment and movables (30),222.190,Computer equipments,2009,Budget,1500000,EXPENDITURE,INVESTMENT,TIGNERE COUNCIL,(b) Capital investment expenses
222.xxx,Equipment and movables (30),222.190,Computer equipments,2009,Actual,776965,EXPENDITURE,INVESTMENT,TIGNERE COUNCIL,(b) Capital investment expenses
222.xxx,Equipment and movables (30),222.210,Office equipments and furniture,2008,Budget, 2099387 ,EXPENDITURE,INVESTMENT,TIGNERE COUNCIL,(b) Capital investment expenses
222.xxx,Equipment and movables (30),222.210,Office equipments and furniture,2008,Actual,0,EXPENDITURE,INVESTMENT,TIGNERE COUNCIL,(b) Capital investment expenses
222.xxx,Equipment and movables (30),222.210,Office equipments and furniture,2009,Budget,2000000,EXPENDITURE,INVESTMENT,TIGNERE COUNCIL,(b) Capital investment expenses
222.xxx,Equipment and movables (30),222.210,Office equipments and furniture,2009,Actual,0,EXPENDITURE,INVESTMENT,TIGNERE COUNCIL,(b) Capital investment expenses
222.xxx,Equipment and movables (30),222.240,Kitchen and restaurant equipments and furniture,2008,Budget, 1000000 ,EXPENDITURE,INVESTMENT,TIGNERE COUNCIL,(b) Capital investment expenses
222.xxx,Equipment and movables (30),222.240,Kitchen and restaurant equipments and furniture,2008,Actual,0,EXPENDITURE,INVESTMENT,TIGNERE COUNCIL,(b) Capital investment expenses
222.xxx,Equipment and movables (30),222.240,Kitchen and restaurant equipments and furniture,2009,Budget,1000000,EXPENDITURE,INVESTMENT,TIGNERE COUNCIL,(b) Capital investment expenses
222.xxx,Equipment and movables (30),222.240,Kitchen and restaurant equipments and furniture,2009,Actual,0,EXPENDITURE,INVESTMENT,TIGNERE COUNCIL,(b) Capital investment expenses
222.xxx,Equipment and movables (30),222.250,Other tangible fixed assets,2008,Budget, 4000000 ,EXPENDITURE,INVESTMENT,TIGNERE COUNCIL,(b) Capital investment expenses
222.xxx,Equipment and movables (30),222.250,Other tangible fixed assets,2008,Actual,0,EXPENDITURE,INVESTMENT,TIGNERE COUNCIL,(b) Capital investment expenses
222.xxx,Equipment and movables (30),222.250,Other tangible fixed assets,2009,Budget,0,EXPENDITURE,INVESTMENT,TIGNERE COUNCIL,(b) Capital investment expenses
222.xxx,Equipment and movables (30),222.250,Other tangible fixed assets,2009,Actual,0,EXPENDITURE,INVESTMENT,TIGNERE COUNCIL,(b) Capital investment expenses
